Number,Arrival time,X1,X2,X3,,,,,
1,08:00:00 AM,12.0574968718528,7.34388256477554,19.4013794366283,,,X1,X2,X3
2,08:00:00 AM,15.0224311044649,12.9859004486221,28.0083315530869,,MEAN,15,10,25
3,08:00:00 AM,16.0017090365307,8.07834101382488,24.0800500503555,,,,,
4,08:00:00 AM,17.6233405560472,8.18820764793847,25.8115482039857,,,,,
5,08:00:00 AM,13.5392315439314,8.36857203894162,21.907803582873,,,,,
6,08:00:00 AM,13.0744956816309,7.27942747276223,20.3539231543931,,,,,
7,08:01:00 AM,14.7413556321909,12.2468642231513,26.9882198553423,,,,,
8,08:01:00 AM,17.5572374645222,7.07800531022065,24.6352427747429,,,,,
9,08:01:00 AM,16.7597888119144,11.8865016632588,28.6462904751732,,,,,
10,08:01:00 AM,13.9063692129276,7.05163731803339,20.958006530961,,,,,
11,08:02:00 AM,12.0904568620869,9.29273354289377,21.3831904049806,,,,,
12,08:02:00 AM,16.0013428144169,10.8339793084506,26.8353221228675,,,,,
13,08:02:00 AM,13.8682821131016,9.99716177861873,23.8654438917203,,,,,
14,08:02:00 AM,15.5019989623707,8.40922269356365,23.9112216559343,,,,,
15,08:03:00 AM,15.8002868739891,12.6797387615589,28.480025635548,,,,,
16,08:03:00 AM,17.5973387859737,12.712698751793,30.3100375377667,,,,,
17,08:03:00 AM,12.2607501449629,8.98803674428541,21.2487868892483,,,,,
18,08:04:00 AM,12.7166966765343,7.31623279519028,20.0329294717246,,,,,
19,08:04:00 AM,17.1785637989441,11.0333872493667,28.2119510483108,,,,,
20,08:04:00 AM,15.7986388744774,12.2814722128971,28.0801110873745,,,,,
21,08:06:00 AM,12.4427625354778,8.82506790368358,21.2678304391614,,,,,
22,08:06:00 AM,16.4351329081088,10.8748130741295,27.3099459822382,,,,,
23,08:06:00 AM,15.366863002411,7.05182042909024,22.4186834315012,,,,,
24,08:07:00 AM,16.7925656910916,10.4379100924711,27.2304757835627,,,,,
25,08:07:00 AM,12.0148319956053,12.8414258247627,24.8562578203681,,,,,
26,08:07:00 AM,12.366222113712,12.0060731833857,24.3722952970977,,,,,
27,08:07:00 AM,12.7062593462935,10.2077394940031,22.9139988402966,,,,,
28,08:08:00 AM,12.152531510361,11.0516983550523,23.2042298654134,,,,,
29,08:08:00 AM,13.4661702322459,11.563310647908,25.0294808801538,,,,,
30,08:08:00 AM,16.4120609149449,11.7235328226569,28.1355937376019,,,,,
31,08:08:00 AM,14.3808099612415,12.6823023163549,27.0631122775964,,,,,
32,08:09:00 AM,16.6588946195868,12.9150364696188,29.5739310892056,,,,,
33,08:09:00 AM,16.4651631214332,7.6106753746147,24.0758384960479,,,,,
34,08:09:00 AM,14.5481734672079,8.18253120517594,22.7307046723838,,,,,
35,08:09:00 AM,14.5249183629872,10.9658192693869,25.490737632374,,,,,
36,08:09:00 AM,14.722128971221,8.68700216681417,23.4091311380352,,,,,
37,08:10:00 AM,14.3310037537767,7.60866115298929,21.939664906766,,,,,
38,08:10:00 AM,16.1535081026643,12.6943876461074,28.8478957487716,,,,,
39,08:11:00 AM,13.9849238563189,12.5658436841945,26.5507675405133,,,,,
40,08:11:00 AM,15.8539384136479,10.5256202887051,26.379558702353,,,,,
41,08:11:00 AM,17.3809015167699,12.0491042817469,29.4300057985168,,,,,
42,08:11:00 AM,14.727256080813,11.8923612170782,26.6196172978912,,,,,
43,08:11:00 AM,15.918576616718,12.2552873317667,28.1738639484848,,,,,
44,08:11:00 AM,14.6148258919034,11.086489455855,25.7013153477584,,,,,
45,08:12:00 AM,14.8301644947661,7.03698843348491,21.867152928251,,,,,
46,08:12:00 AM,12.929471724601,8.24002807702872,21.1694998016297,,,,,
47,08:12:00 AM,14.4232917264321,9.30390331736198,23.7271950437941,,,,,
48,08:12:00 AM,13.481185338908,7.58320871608631,21.0643940549944,,,,,
49,08:13:00 AM,17.9436017944884,12.8648640400403,30.8084658345286,,,,,
50,08:13:00 AM,13.8832972197638,10.0638142033143,23.9471114230781,,,,,
51,08:13:00 AM,12.3783074434645,8.12576677755058,20.504074221015,,,,,
52,08:13:00 AM,12.0684835352641,9.59266945402387,21.661152989288,,,,,
53,08:13:00 AM,12.1171910763878,7.34406567583239,19.4612567522202,,,,,
54,08:13:00 AM,15.677053132725,7.30213324381237,22.9791863765374,,,,,
55,08:14:00 AM,17.6899929807428,7.78353221228675,25.4735251930296,,,,,
56,08:15:00 AM,13.145542771691,8.29349650563067,21.4390392773217,,,,,
57,08:15:00 AM,14.5824152348399,12.8399609363079,27.4223761711478,,,,,
58,08:15:00 AM,13.0023499252297,8.1568956572161,21.1592455824458,,,,,
59,08:15:00 AM,12.1256141850032,12.7846613971374,24.9102755821406,,,,,
60,08:15:00 AM,14.8807031464583,7.82711264381848,22.7078157902768,,,,,
61,08:15:00 AM,17.4182561723685,8.93932920316172,26.3575853755303,,,,,
62,08:16:00 AM,12.8670308542131,10.8336130863369,23.7006439405499,,,,,
63,08:16:00 AM,15.9268166142766,10.6078371532334,26.53465376751,,,,,
64,08:16:00 AM,15.7563402203436,12.4653157139805,28.2216559343242,,,,,
65,08:16:00 AM,12.5599536118656,7.69600512710959,20.2559587389752,,,,,
66,08:17:00 AM,14.3194677571947,9.56044190801721,23.8799096652119,,,,,
67,08:17:00 AM,14.385204626606,8.39988402966399,22.78508865627,,,,,
68,08:17:00 AM,13.5870235297708,10.2760399182104,23.8630634479812,,,,,
69,08:17:00 AM,16.4918973357341,7.38618121890927,23.8780785546434,,,,,
70,08:17:00 AM,13.1215552232429,11.0714743491928,24.1930295724357,,,,,
71,08:17:00 AM,13.5723746452223,8.2746360667745,21.8470107119968,,,,,
72,08:18:00 AM,13.08328501236,8.97155674916837,22.0548417615284,,,,,
73,08:18:00 AM,15.3091830195013,11.7125461592456,27.0217291787469,,,,,
74,08:19:00 AM,17.3104037598804,10.7415082247383,28.0519119846187,,,,,
75,08:19:00 AM,15.4091616565447,7.65681936094241,23.0659810174871,,,,,
76,08:19:00 AM,17.3928037354656,8.62712485122227,26.0199285866878,,,,,
77,08:19:00 AM,17.841059602649,10.3963438825648,28.2374034852138,,,,,
78,08:19:00 AM,14.5809503463851,12.5621814630573,27.1431318094424,,,,,
79,08:19:00 AM,17.2609637745293,12.1069673757134,29.3679311502426,,,,,
80,08:20:00 AM,12.0615253151036,8.96038697470016,21.0219122898038,,,,,
81,08:20:00 AM,17.5178685872982,12.0932340464492,29.6111026337474,,,,,
82,08:20:00 AM,15.4340647602771,12.1435895870846,27.5776543473617,,,,,
83,08:20:00 AM,12.2499465926084,9.06146427808466,21.3114108706931,,,,,
84,08:20:00 AM,12.8507339701529,7.85457930234687,20.7053132724998,,,,,
85,08:21:00 AM,14.6730552079836,7.57020783104953,22.2432630390332,,,,,
86,08:21:00 AM,17.0209051789911,8.93310342722861,25.9540086062197,,,,,
87,08:21:00 AM,17.4691610461745,9.93234046449171,27.4015015106662,,,,,
88,08:21:00 AM,17.8452711569567,10.8164006469924,28.6616718039491,,,,,
89,08:22:00 AM,13.9655140842921,8.08328501236,22.0487990966521,,,,,
90,08:22:00 AM,17.6251716666158,8.8345896786401,26.4597613452559,,,,,
91,08:22:00 AM,16.2844325083163,12.9956053346355,29.2800378429517,,,,,
92,08:23:00 AM,13.2925809503464,8.05526902066103,21.3478499710074,,,,,
93,08:23:00 AM,16.6112857448042,12.8903164769433,29.5016022217475,,,,,
94,08:23:00 AM,16.7198706015198,11.4177373577075,28.1376079592273,,,,,
95,08:23:00 AM,15.9165623950926,12.5129245887631,28.4294869838557,,,,,
96,08:23:00 AM,17.6123538926359,10.8707846308786,28.4831385235145,,,,,
97,08:24:00 AM,12.1096835230567,8.83770256660665,20.9473860896634,,,,,
98,08:24:00 AM,16.535294656209,8.90581987975707,25.4411145359661,,,,,
99,08:24:00 AM,16.4862208929716,8.52073732718894,25.0069582201605,,,,,
100,08:24:00 AM,13.0071108127079,8.03512680440687,21.0422376171148,,,,,
101,08:25:00 AM,13.155796990875,11.9621265297403,25.1179235206153,,,,,
102,08:25:00 AM,14.07629627369,9.12738425855281,23.2036805322428,,,,,
103,08:25:00 AM,14.7126071962645,10.7244788964507,25.4370860927152,,,,,
104,08:25:00 AM,13.120090334788,11.8626972258675,24.9827875606555,,,,,
105,08:25:00 AM,12.4209723197119,8.03677480391858,20.4577471236305,,,,,
106,08:25:00 AM,17.5262916959136,7.62019714957122,25.1464888454848,,,,,
107,08:25:00 AM,12.4502700888089,8.93475142674032,21.3850215155492,,,,,
108,08:26:00 AM,14.1709646900845,12.6449476607562,26.8159123508408,,,,,
109,08:26:00 AM,12.8943144016846,12.0080874050111,24.9024018066958,,,,,
110,08:26:00 AM,15.9755241554003,11.0760521256142,27.0515762810144,,,,,
111,08:27:00 AM,15.2557145908994,11.4867702261422,26.7424848170415,,,,,
112,08:27:00 AM,12.0095217749565,11.1502121036409,23.1597338785974,,,,,
113,08:27:00 AM,16.4693746757408,7.25434125797296,23.7237159337138,,,,,
114,08:27:00 AM,14.4115726187933,7.3107394634846,21.7223120822779,,,,,
115,08:27:00 AM,15.1658070619831,10.074434644612,25.240241706595,,,,,
116,08:27:00 AM,12.5275429548021,7.86519974364452,20.3927426984466,,,,,
117,08:28:00 AM,14.4632099368267,8.60808130130924,23.0712912381359,,,,,
118,08:28:00 AM,14.9074373607593,7.95254371776482,22.8599810785241,,,,,
119,08:30:00 AM,14.8816187017426,8.44291512802515,23.3245338297678,,,,,
120,08:31:00 AM,13.8596758934294,10.6717429120762,24.5314188055055,,,,,
121,08:31:00 AM,14.7596667378765,10.0751670888394,24.8348338267159,,,,,
122,08:31:00 AM,13.9486678670614,11.0289925840022,24.9776604510636,,,,,
123,08:31:00 AM,15.5395367290262,9.37128818628498,24.9108249153111,,,,,
124,08:32:00 AM,13.8177434614093,11.6442457350383,25.4619891964476,,,,,
125,08:32:00 AM,17.2580339976196,7.19281594286935,24.4508499404889,,,,,
126,08:32:00 AM,16.8330332346568,9.6457716605121,26.4788048951689,,,,,
127,08:32:00 AM,13.2616351817377,7.38874477370525,20.650379955443,,,,,
128,08:32:00 AM,14.9920346690268,12.6559343241676,27.6479689931944,,,,,
129,08:33:00 AM,14.3189184240242,10.9610583819086,25.2799768059328,,,,,
130,08:33:00 AM,13.0816370128483,7.94320505386517,21.0248420667135,,,,,
131,08:33:00 AM,16.6695150608844,7.65608691671499,24.3256019775994,,,,,
132,08:33:00 AM,14.9581591235084,8.48155156102176,23.4397106845302,,,,,
133,08:34:00 AM,17.8950773644215,9.28522598956267,27.1803033539842,,,,,
134,08:34:00 AM,15.8019348735008,8.51597643971068,24.3179113132115,,,,,
135,08:34:00 AM,16.5512253181555,10.4538407544176,27.005066072573,,,,,
136,08:35:00 AM,14.0263069551683,7.08294930875576,21.1092562639241,,,,,
137,08:35:00 AM,16.0306405835139,8.86901455732902,24.8996551408429,,,,,
138,08:35:00 AM,12.9329508346812,10.4871669667653,23.4201178014466,,,,,
139,08:35:00 AM,15.8680379650258,11.7134617145299,27.5814996795556,,,,,
140,08:35:00 AM,15.9722281563768,7.76613666188543,23.7383648182623,,,,,
141,08:35:00 AM,16.4217658009583,11.4929960020753,27.9147618030335,,,,,
142,08:36:00 AM,17.3199255348369,12.4199041718802,29.7398297067171,,,,,
143,08:36:00 AM,15.2883083590197,7.02874843592639,22.3170567949461,,,,,
144,08:36:00 AM,12.1842097231971,10.8964201788385,23.0806299020356,,,,,
145,08:37:00 AM,13.7214270455031,9.61793877986999,23.3393658253731,,,,,
146,08:37:00 AM,15.5455793939024,11.2586138492996,26.804193243202,,,,,
147,08:37:00 AM,14.436109500412,7.58595538193915,22.0220648823511,,,,,
148,08:37:00 AM,14.6686605426191,9.86074404126103,24.5294045838801,,,,,
149,08:37:00 AM,14.2782677694021,11.2505569627979,25.5288247322001,,,,,
150,08:37:00 AM,14.4652241584521,9.48316904202399,23.9483932004761,,,,,
151,08:37:00 AM,14.0422376171148,7.44752342295602,21.4897610400708,,,,,
152,08:38:00 AM,14.3447370830409,8.96276741843928,23.3075045014801,,,,,
153,08:38:00 AM,14.9973448896756,11.0062868129521,26.0036317026276,,,,,
154,08:38:00 AM,15.3751029999695,9.66719565416425,25.0422986541337,,,,,
155,08:39:00 AM,13.1854609820856,12.6306649983215,25.8161259804071,,,,,
156,08:39:00 AM,14.0726340525529,11.9388714255196,26.0115054780724,,,,,
157,08:39:00 AM,16.0081179235206,7.31165501876888,23.3197729422895,,,,,
158,08:39:00 AM,12.7567979979858,8.62456129642628,21.3813592944121,,,,,
159,08:39:00 AM,16.811243018891,11.4151738029115,28.2264168218024,,,,,
160,08:43:00 AM,12.8481704153569,12.7833796197394,25.6315500350963,,,,,
161,08:43:00 AM,17.8293404950102,12.6788232062746,30.5081637012848,,,,,
162,08:43:00 AM,15.5327616199225,12.3340250862148,27.8667867061373,,,,,
163,08:43:00 AM,17.7136143070772,8.32096316415906,26.0345774712363,,,,,
164,08:43:00 AM,12.6037171544542,11.5695364238411,24.1732535782952,,,,,
165,08:44:00 AM,16.7182226020081,12.9917600024415,29.7099826044496,,,,,
166,08:44:00 AM,13.7706839197974,11.8286385692923,25.5993224890896,,,,,
167,08:44:00 AM,16.1718192083499,7.18860438856166,23.3604235969115,,,,,
168,08:44:00 AM,14.0512100589007,8.95471053193762,23.0059205908383,,,,,
169,08:45:00 AM,14.8889431440168,8.74358348338267,23.6325266273995,,,,,
170,08:45:00 AM,14.7763298440504,7.23804437391278,22.0143742179632,,,,,
171,08:45:00 AM,17.4253975035859,11.8046510208441,29.2300485244301,,,,,
172,08:45:00 AM,13.0067445905942,8.05471968749046,21.0614642780847,,,,,
173,08:45:00 AM,17.2915433210242,10.1588488418226,27.4503921628468,,,,,
174,08:45:00 AM,17.5077974791711,8.16953032013917,25.6773277993103,,,,,
175,08:46:00 AM,16.1765800958281,7.50593585009308,23.6825159459212,,,,,
176,08:46:00 AM,17.6321298867763,7.37995544297617,25.0120853297525,,,,,
177,08:46:00 AM,13.6349986266671,11.1401409955138,24.7751396221809,,,,,
178,08:47:00 AM,13.2535782952361,7.61690115054781,20.8704794457839,,,,,
179,08:47:00 AM,16.3082369457076,10.2049928281503,26.5132297738578,,,,,
180,08:47:00 AM,14.0314340647603,7.5141758476516,21.5456099124119,,,,,
181,08:47:00 AM,13.346415601062,11.9773247474593,25.3237403485214,,,,,
182,08:47:00 AM,13.5101168858913,7.58485671559801,21.0949736014893,,,,,
183,08:48:00 AM,17.003143406476,8.26602984710227,25.2691732535783,,,,,
184,08:48:00 AM,14.6437574388867,9.22974333933531,23.873500778222,,,,,
185,08:48:00 AM,12.1488692892239,7.75514999847407,19.904019287698,,,,,
186,08:49:00 AM,12.9935605945006,9.61409344767602,22.6076540421766,,,,,
187,08:49:00 AM,13.4542680135502,9.67854853968932,23.1328165532395,,,,,
188,08:49:00 AM,14.8616595965453,7.72182378612629,22.5834833826716,,,,,
189,08:49:00 AM,17.949095126194,12.3988464003418,30.3479415265358,,,,,
190,08:49:00 AM,14.7292703024384,12.3984801782281,27.1277504806665,,,,,
191,08:50:00 AM,15.3520310068056,7.95840327158422,23.3104342783898,,,,,
192,08:50:00 AM,16.3208716086306,8.6527603991821,24.9736320078127,,,,,
193,08:50:00 AM,14.7206640827662,11.29120761742,26.0118717001862,,,,,
194,08:51:00 AM,13.1492049928282,7.67696157719657,20.8261665700247,,,,,
195,08:51:00 AM,17.3349406414991,7.21808526871548,24.5530259102145,,,,,
196,08:51:00 AM,14.294930875576,10.6913357951598,24.9862666707358,,,,,
197,08:51:00 AM,16.0725730155339,8.40537736136967,24.4779503769036,,,,,
198,08:51:00 AM,14.1425824762719,10.5937376018555,24.7363200781274,,,,,
199,08:52:00 AM,14.5954161198767,9.84279915768914,24.4382152775658,,,,,
200,08:52:00 AM,17.6321298867763,10.2366710409864,27.8688009277627,,,,,
201,08:52:00 AM,15.1853999450667,12.8831751457259,28.0685750907926,,,,,
202,08:52:00 AM,17.9895626697592,7.70644245735038,25.6960051271096,,,,,
203,08:53:00 AM,15.8229926450392,11.2078920865505,27.0308847315897,,,,,
204,08:53:00 AM,16.6729941709647,9.01239051484725,25.6853846858119,,,,,
205,08:53:00 AM,12.8097170934172,11.0015259254738,23.811243018891,,,,,
206,08:53:00 AM,14.1209753715629,8.83806878872036,22.9590441602832,,,,,
207,08:53:00 AM,14.6758018738365,12.8789635914182,27.5547654652547,,,,,
208,08:53:00 AM,15.5865962706381,8.2197027497177,23.8062990203558,,,,,
209,08:54:00 AM,14.0085451826533,8.46470534379101,22.4732505264443,,,,,
210,08:54:00 AM,15.6409802545244,7.95419171727653,23.5951719718009,,,,,
211,08:55:00 AM,15.9672841578417,8.72783593249306,24.6951200903348,,,,,
212,08:55:00 AM,14.5608081301309,11.9368572038942,26.4976653340251,,,,,
213,08:55:00 AM,13.3330484939116,8.9556260872219,22.2886745811335,,,,,
214,08:55:00 AM,14.5456099124119,9.25519577623829,23.8008056886502,,,,,
215,08:55:00 AM,17.7542649616993,9.40589617603076,27.16016113773,,,,,
216,08:55:00 AM,16.2875453962828,11.4512466811121,27.7387920773949,,,,,
217,08:55:00 AM,15.1218604083377,7.88753929258095,23.0093997009186,,,,,
218,08:56:00 AM,17.5814081240272,7.6718344676046,25.2532425916318,,,,,
219,08:56:00 AM,15.5153660695212,11.609088412122,27.1244544816431,,,,,
220,08:56:00 AM,14.1762749107334,9.21381267738884,23.3900875881222,,,,,
221,08:56:00 AM,12.6055482650227,11.2930387279885,23.8985869930113,,,,,
222,08:56:00 AM,13.6754661702322,7.94924771874142,21.6247138889737,,,,,
223,08:57:00 AM,13.6078981902524,7.57277138584552,21.1806695760979,,,,,
224,08:57:00 AM,12.7375713370159,12.1018402661214,24.8394116031373,,,,,
225,08:57:00 AM,14.5102694784387,8.78624835963011,23.2965178380688,,,,,
226,08:57:00 AM,14.8803369243446,7.50941496017335,22.389751884518,,,,,
227,08:58:00 AM,14.1872615741447,7.23767815179907,21.4249397259438,,,,,
228,08:58:00 AM,13.5701773125401,10.6766869106113,24.2468642231513,,,,,
229,08:58:00 AM,12.8423108615375,12.5376445814386,25.3799554429762,,,,,
230,08:59:00 AM,15.7645802179022,9.27808465834529,25.0426648762474,,,,,
231,08:59:00 AM,16.780663472396,12.5171361430708,29.2977996154668,,,,,
232,08:59:00 AM,17.3933530686361,12.1261940366832,29.5195471053194,,,,,
233,08:59:00 AM,16.5464644306772,7.19684438612018,23.7433088167974,,,,,
234,08:59:00 AM,13.192602313303,7.66341135898923,20.8560136722922,,,,,
235,09:00:00 AM,16.6991790520951,12.1104464857936,28.8096255378887,,,,,
236,09:00:00 AM,17.5561387981811,11.5781426435133,29.1342814416944,,,,,
237,09:01:00 AM,14.7204809717093,12.7042756431776,27.4247566148869,,,,,
238,09:01:00 AM,15.4283883175146,7.87618640705588,23.3045747245704,,,,,
239,09:01:00 AM,17.4790490432447,8.29514450514237,25.7741935483871,,,,,
240,09:01:00 AM,17.4693441572314,11.4719382305368,28.9412823877682,,,,,
241,09:02:00 AM,12.0776390881069,8.92376476332896,21.0014038514359,,,,,
242,09:02:00 AM,14.499649037141,9.77541428876614,24.2750633259072,,,,,
243,09:02:00 AM,15.535874507889,12.1384624774926,27.6743369853816,,,,,
244,09:03:00 AM,17.3889584032716,9.67653431806391,27.0654927213355,,,,,
245,09:03:00 AM,12.3413190099796,8.04098635822627,20.3823053682058,,,,,
246,09:03:00 AM,12.7624744407483,10.4294869838557,23.191961424604,,,,,
247,09:03:00 AM,14.2224188970611,12.5619983520005,26.7844172490616,,,,,
248,09:03:00 AM,14.9940488906522,12.0421460615864,27.0361949522385,,,,,
249,09:04:00 AM,14.2617877742851,11.6570635090182,25.9188512833033,,,,,
250,09:04:00 AM,17.6022827845088,10.580370494705,28.1826532792138,,,,,
251,09:04:00 AM,13.4755088961455,11.7022919400616,25.1778008362072,,,,,
252,09:05:00 AM,13.1958983123264,8.07211523789178,21.2680135502182,,,,,
253,09:05:00 AM,15.9405499435408,12.5217139194922,28.4622638630329,,,,,
254,09:05:00 AM,17.2084109012116,7.19666127506333,24.4050721762749,,,,,
255,09:05:00 AM,14.2407300027467,12.0000305185095,26.2407605212561,,,,,
256,09:06:00 AM,13.6135746330149,7.40522476882229,21.0187994018372,,,,,
257,09:06:00 AM,14.1522873622852,11.8390758995331,25.9913632618183,,,,,
258,09:07:00 AM,13.3617969298379,11.3053071687979,24.6671040986358,,,,,
259,09:07:00 AM,13.8620563371685,11.4572893459883,25.3193456831568,,,,,
260,09:07:00 AM,13.1559801019318,9.79226050599689,22.9482406079287,,,,,
261,09:07:00 AM,12.3490096743675,8.08676412244026,20.4357737968078,,,,,
262,09:08:00 AM,16.1710867641224,7.28510391552477,23.4561906796472,,,,,
263,09:08:00 AM,13.6230964079714,12.50028992584,26.1233863338115,,,,,
264,09:08:00 AM,12.1464888454848,12.2569353312784,24.4034241767632,,,,,
265,09:09:00 AM,12.0357066560869,12.2823877681814,24.3180944242683,,,,,
266,09:09:00 AM,16.69423505356,12.8176213873714,29.5118564409314,,,,,
267,09:09:00 AM,14.6292916653951,10.8867152928251,25.5160069582202,,,,,
268,09:09:00 AM,15.4289376506851,10.1279030732139,25.556840723899,,,,,
269,09:09:00 AM,13.2045045319987,9.63716544083987,22.8416699728385,,,,,
270,09:10:00 AM,16.3867915890988,11.6722617267373,28.059053315836,,,,,
271,09:10:00 AM,17.2162846766564,12.0906704916532,29.3069551683096,,,,,
272,09:11:00 AM,16.8892483291116,11.6299630726035,28.5192114017151,,,,,
273,09:11:00 AM,16.5158848841823,12.5361796929838,29.052064577166,,,,,
274,09:11:00 AM,15.3100985747856,8.52348399304178,23.8335825678274,,,,,
275,09:11:00 AM,12.073793755913,11.6081728568377,23.6819666127506,,,,,
276,09:11:00 AM,14.8354747154149,10.7193517868587,25.5548265022736,,,,,
277,09:11:00 AM,16.9117709891049,10.7757499923704,27.6875209814753,,,,,
278,09:12:00 AM,14.0393078402051,7.97982726523637,22.0191351054414,,,,,
279,09:12:00 AM,14.2727744376965,10.6162602618488,24.8890346995453,,,,,
280,09:13:00 AM,12.6692709128086,9.85580004272591,22.5250709555345,,,,,
281,09:13:00 AM,17.3510544145024,12.0046082949309,29.3556627094333,,,,,
282,09:13:00 AM,15.2082888271737,11.016541032136,26.2248298593097,,,,,
283,09:13:00 AM,14.3791619617298,9.4269539475692,23.806115909299,,,,,
284,09:14:00 AM,16.2871791741691,7.39204077272866,23.6792199468978,,,,,
285,09:14:00 AM,16.353465376751,8.29862361522263,24.6520889919736,,,,,
286,09:15:00 AM,13.6280404065065,10.9976805932798,24.6257209997864,,,,,
287,09:15:00 AM,17.8496658223212,8.16934720908231,26.0190130314035,,,,,
288,09:15:00 AM,12.6515091402936,11.2756431775872,23.9271523178808,,,,,
289,09:15:00 AM,16.0392468031861,7.81228064821314,23.8515274513993,,,,,
290,09:16:00 AM,14.9178746910001,10.4758140812403,25.3936887722404,,,,,
291,09:16:00 AM,16.8879665517136,11.1417889950255,28.0297555467391,,,,,
292,09:16:00 AM,12.9655446028016,11.7431257057405,24.7086703085421,,,,,
293,09:17:00 AM,16.3523667104099,9.43922238837855,25.7915890987884,,,,,
294,09:17:00 AM,17.5847041230506,10.9564806054872,28.5411847285379,,,,,
295,09:17:00 AM,17.9569689016388,10.2683492538224,28.2253181554613,,,,,
296,09:17:00 AM,12.8919339579455,10.7010406811731,23.5929746391186,,,,,
297,09:17:00 AM,12.1549119541002,11.4237800225837,23.5786919766839,,,,,
298,09:18:00 AM,16.4898831141087,8.81463057344279,25.3045136875515,,,,,
299,09:19:00 AM,17.1269264809107,10.0986053041169,27.2255317850276,,,,,
300,09:19:00 AM,13.2521134067812,10.476180303354,23.7282937101352,,,,,
301,09:19:00 AM,12.8805810724204,9.85891293069247,22.7394940031129,,,,,
302,09:19:00 AM,16.6400341807306,9.55165257728813,26.1916867580187,,,,,
303,09:19:00 AM,16.4558244575335,9.78786584063234,26.2436902981658,,,,,
304,09:20:00 AM,13.642689291055,11.6250190740684,25.2677083651234,,,,,
305,09:20:00 AM,17.4340037232582,12.008270516068,29.4422742393262,,,,,
306,09:20:00 AM,13.2394787438582,9.57875301370281,22.818231757561,,,,,
307,09:20:00 AM,15.5792718283639,10.4957731864376,26.0750450148015,,,,,
308,09:21:00 AM,14.4082766197699,12.4887539292581,26.897030549028,,,,,
309,09:21:00 AM,12.0219733268227,8.38962981048006,20.4116031373028,,,,,
310,09:21:00 AM,16.9419843134861,11.7167577135533,28.6587420270394,,,,,
311,09:21:00 AM,17.7073885311441,11.6389355143895,29.3463240455336,,,,,
312,09:22:00 AM,17.4065370647298,12.1827753532517,29.5893124179815,,,,,
313,09:22:00 AM,13.6099124118778,12.5583361308634,26.1682485427412,,,,,
314,09:23:00 AM,14.239082003235,11.5953550828578,25.8344370860927,,,,,
315,09:23:00 AM,14.2083193456832,10.4386425366985,24.6469618823817,,,,,
316,09:23:00 AM,13.0041810357982,9.70656453138829,22.7107455671865,,,,,
317,09:23:00 AM,16.6819666127506,10.5263527329325,27.2083193456832,,,,,
318,09:23:00 AM,13.9226660969878,9.14642780846583,23.0690939054537,,,,,
319,09:23:00 AM,16.9710989715262,10.1973021637623,27.1684011352886,,,,,
320,09:23:00 AM,15.7415082247383,12.862666707358,28.6041749320963,,,,,
321,09:24:00 AM,16.0006103701895,12.7568285164953,28.7574388866848,,,,,
322,09:25:00 AM,15.5594958342235,12.3704641865291,27.9299600207526,,,,,
323,09:25:00 AM,12.7313455610828,9.74410229804376,22.4754478591266,,,,,
324,09:25:00 AM,16.1000396740623,7.67091891232032,23.7709585863826,,,,,
325,09:25:00 AM,17.0487380596332,8.66887417218543,25.7176122318186,,,,,
326,09:26:00 AM,14.9147618030335,9.57069612720115,24.4854579302347,,,,,
327,09:26:00 AM,16.5525070955535,9.48481704153569,26.0373241370891,,,,,
328,09:26:00 AM,12.8161259804071,9.96768089846492,22.783806878872,,,,,
329,09:27:00 AM,14.842982268746,10.5937376018555,25.4367198706015,,,,,
330,09:27:00 AM,14.2623371074557,9.23816644795068,23.5005035554064,,,,,
331,09:27:00 AM,14.6426587725455,12.4958952604755,27.138554033021,,,,,
332,09:27:00 AM,17.173619800409,11.8744163335063,29.0480361339152,,,,,
333,09:27:00 AM,14.8050782799768,11.1148716696677,25.9199499496445,,,,,
334,09:28:00 AM,14.5196081423383,9.77761162144841,24.2972197637867,,,,,
335,09:28:00 AM,15.7026886806848,8.09756767479476,23.8002563554796,,,,,
336,09:29:00 AM,13.7135532700583,10.8257393108921,24.5392925809503,,,,,
337,09:29:00 AM,16.380199591052,10.7341837824641,27.114383373516,,,,,
338,09:29:00 AM,17.1428571428571,10.2593768120365,27.4022339548936,,,,,
339,09:29:00 AM,12.98660237434,12.3479415265358,25.3345439008759,,,,,
340,09:29:00 AM,14.8015991698965,11.8453016754662,26.6469008453627,,,,,
341,09:30:00 AM,15.0879848628193,11.8004394665365,26.8884243293558,,,,,
342,09:31:00 AM,12.7238380077517,8.38724936674093,21.1110873744926,,,,,
343,09:31:00 AM,16.2661214026307,8.88695944090091,25.1530808435316,,,,,
344,09:31:00 AM,13.4863124485,10.750846888638,24.237159337138,,,,,
345,09:32:00 AM,15.6962797936949,9.63441877498703,25.3306985686819,,,,,
346,09:32:00 AM,14.2211371196631,12.869075594348,27.090212714011,,,,,
347,09:32:00 AM,15.8825037385174,8.58043153172399,24.4629352702414,,,,,
348,09:33:00 AM,14.0889309366131,10.9855952635273,25.0745262001404,,,,,
349,09:33:00 AM,16.2005676442763,8.79375591296121,24.9943235572375,,,,,
350,09:33:00 AM,15.7671437726981,10.3749198889126,26.1420636616108,,,,,
351,09:34:00 AM,14.0790429395428,11.3884395886105,25.4674825281533,,,,,
352,09:35:00 AM,16.961210974456,9.75380718405713,26.7150181585131,,,,,
353,09:37:00 AM,15.3031403546251,11.4096804712058,26.7128208258309,,,,,
354,09:38:00 AM,12.985320596942,10.2756736960967,23.2609942930387,,,,,
355,09:42:00 AM,15.7960753196814,10.9044770653401,26.7005523850215,,,,,
356,09:43:00 AM,16.848048341319,12.1558580278939,29.0039063692129,,,,,
357,09:43:00 AM,15.0726035340434,11.5369426557207,26.6095461897641,,,,,
358,09:43:00 AM,13.7585985900449,11.3441267128513,25.1027253028962,,,,,
359,09:43:00 AM,12.1184728537858,11.0009765923032,23.1194494460891,,,,,
360,09:44:00 AM,17.2939237647633,9.00378429517502,26.2977080599383,,,,,
361,09:46:00 AM,17.4764854884487,8.45170445875423,25.928189947203,,,,,
362,09:47:00 AM,13.3826715903195,7.60939359721671,20.9920651875362,,,,,
363,09:47:00 AM,16.5644093142491,9.01513718070009,25.5795464949492,,,,,
364,09:47:00 AM,12.5286416211432,7.01098666341136,19.5396282845546,,,,,
365,09:47:00 AM,16.4713888973663,12.8379467146825,29.3093356120487,,,,,
366,09:47:00 AM,13.0444654683065,9.55110324411756,22.5955687124241,,,,,
367,09:48:00 AM,13.399884029664,10.9178441724906,24.3177282021546,,,,,
368,09:49:00 AM,17.2734153263955,11.0385143589587,28.3119296853542,,,,,
369,09:49:00 AM,14.3403424176763,10.7955259865108,25.1358684041871,,,,,
370,09:49:00 AM,13.562669759209,11.8203985717338,25.3830683309427,,,,,
371,09:50:00 AM,16.1688894314402,8.89812921536912,25.0670186468093,,,,,
372,09:50:00 AM,17.8981902523881,11.0874050111393,28.9855952635273,,,,,
373,09:50:00 AM,15.9627063814203,9.61281167027802,25.5755180516984,,,,,
374,09:51:00 AM,15.3258461256752,9.67708365123447,25.0029297769097,,,,,
375,09:54:00 AM,17.6260872219001,10.8055970946379,28.431684316538,,,,,
376,09:55:00 AM,15.3771172215949,11.7259132663961,27.103030487991,,,,,
377,09:57:00 AM,17.7051911984619,10.2361217078158,27.9413129062777,,,,,
378,09:59:00 AM,16.3692129276406,7.32721945860164,23.6964323862423,,,,,
379,10:02:00 AM,17.2585833307901,9.88344981231117,27.1420331431013,,,,,
380,10:09:00 AM,15.4703207495346,12.6368907742546,28.1072115237892,,,,,
381,10:09:00 AM,16.6220892971587,12.3777886288034,28.9998779259621,,,,,
382,10:09:00 AM,15.5243385113071,12.3527024140141,27.8770409253212,,,,,
383,10:10:00 AM,15.585497604297,8.23380230109562,23.8192999053926,,,,,
384,10:10:00 AM,16.5757621997742,7.97396771141697,24.5497299111911,,,,,
385,10:11:00 AM,14.6518143253883,11.1967223120823,25.8485366374706,,,,,
386,10:12:00 AM,12.5815607165746,7.41566209906308,19.9972228156377,,,,,
387,10:13:00 AM,17.4233832819605,12.4503006073183,29.8736838892788,,,,,
388,10:13:00 AM,12.6855677968688,9.21436201055941,21.8999298074282,,,,,
389,10:14:00 AM,13.4956511123997,7.49183629871517,20.9874874111148,,,,,
390,10:14:00 AM,12.4008301034577,7.43067720572527,19.831507309183,,,,,
391,10:15:00 AM,17.3010650959807,12.8551591540269,30.1562242500076,,,,,
392,10:17:00 AM,13.8867763298441,9.19348735007782,23.0802636799219,,,,,
393,10:18:00 AM,16.8691061128574,8.34513382366405,25.2142399365215,,,,,
394,10:19:00 AM,12.9085970641194,7.38654744102298,20.2951445051424,,,,,
395,10:20:00 AM,15.2181768242439,8.781304361095,23.9994811853389,,,,,
396,10:20:00 AM,17.8405102694784,12.0132145146031,29.8537247840815,,,,,
397,10:21:00 AM,17.8106631672109,10.1489608447523,27.9596240119633,,,,,
398,10:21:00 AM,13.9215674306467,7.00988799707022,20.9314554277169,,,,,
399,10:23:00 AM,17.9278542435987,7.3336283455916,25.2614825891903,,,,,
400,10:23:00 AM,12.6806237983337,10.5067598498489,23.1873836481826,,,,,
401,10:23:00 AM,17.7379680776391,12.9613635670034,30.6993316446425,,,,,
402,10:23:00 AM,14.7290871913816,7.45484786523026,22.1839350566118,,,,,
403,10:23:00 AM,13.9358500930815,10.0682088686789,24.0040589617603,,,,,
404,10:25:00 AM,16.7676625873592,11.9509567552721,28.7186193426313,,,,,
405,10:25:00 AM,12.9364299447615,10.1194799645985,23.05590990936,,,,,
406,10:25:00 AM,13.3764458143864,10.2082888271737,23.5847346415601,,,,,
407,10:26:00 AM,15.4020203253273,11.0269783623768,26.4289986877041,,,,,
408,10:26:00 AM,13.7346110415967,11.710715048677,25.4453260902738,,,,,
409,10:27:00 AM,13.1691640980255,8.05453657643361,21.2237006744591,,,,,
410,10:27:00 AM,17.5848872341075,9.39747306741539,26.9823603015229,,,,,
411,10:27:00 AM,17.1307718131046,8.56578264717551,25.6965544602802,,,,,
412,10:27:00 AM,16.2652058473464,9.50550859096042,25.7707144383068,,,,,
413,10:27:00 AM,16.0963774529252,8.24277474288156,24.3391521958068,,,,,
414,10:29:00 AM,14.2447584459975,7.68648335215308,21.9312417981506,,,,,
415,10:29:00 AM,13.8395336771752,12.4134952848903,26.2530289620655,,,,,
416,10:29:00 AM,15.0376293221839,9.98562578203681,25.0232551042207,,,,,
417,10:30:00 AM,14.1885433515427,12.2305673390912,26.4191106906339,,,,,
418,10:30:00 AM,15.4223456526383,10.9520859401227,26.374431592761,,,,,
419,10:31:00 AM,15.8920255134739,12.3968321787164,28.2888576921903,,,,,
420,10:31:00 AM,16.2763756218146,12.3014313180944,28.5778069399091,,,,,
421,10:31:00 AM,17.8273262733848,11.6702475051118,29.4975737784967,,,,,
422,10:32:00 AM,13.8135319071017,7.92159794915616,21.7351298562578,,,,,
423,10:33:00 AM,12.6835535752434,10.2734763634144,22.9570299386578,,,,,
424,10:34:00 AM,14.3447370830409,8.35850093081454,22.7032380138554,,,,,
425,10:35:00 AM,15.2723776970733,12.308389538255,27.5807672353282,,,,,
426,10:35:00 AM,13.5861079744865,9.96584978789636,23.5519577623829,,,,,
427,10:35:00 AM,15.8671224097415,9.10614337595752,24.973265785699,,,,,
428,10:37:00 AM,12.8192388683737,12.4444410534989,25.2636799218726,,,,,
429,10:37:00 AM,15.1914426099429,11.8561052278207,27.0475478377636,,,,,
430,10:38:00 AM,17.544785912656,7.22998748741111,24.7747734000671,,,,,
431,10:39:00 AM,17.6044801171911,7.61836603900266,25.2228461561937,,,,,
432,10:39:00 AM,12.4821314127018,9.91183202612384,22.3939634388256,,,,,
433,10:39:00 AM,14.4337290566729,10.6880397961364,25.1217688528092,,,,,
434,10:40:00 AM,16.559465315714,12.2930082094791,28.852473525193,,,,,
435,10:41:00 AM,14.0352793969543,7.96682638019959,22.0021057771538,,,,,
436,10:41:00 AM,13.6674092837306,9.60933256019776,23.2767418439283,,,,,
437,10:41:00 AM,12.737388225959,11.3003631702628,24.0377513962218,,,,,
438,10:44:00 AM,12.1913510544145,11.5411542100284,23.7325052644429,,,,,
439,10:44:00 AM,13.1462752159185,12.3708304086428,25.5171056245613,,,,,
440,10:45:00 AM,17.4023255104221,9.74575029755547,27.1480758079775,,,,,
441,10:45:00 AM,13.0589312417982,7.46784875026704,20.5267799920652,,,,,
442,10:45:00 AM,16.4572893459883,7.44404431287576,23.9013336588641,,,,,
443,10:46:00 AM,15.2313608203375,11.0332041383099,26.2645649586474,,,,,
444,10:47:00 AM,12.7774895474105,7.87453840754418,20.6520279549547,,,,,
445,10:47:00 AM,15.210486159856,9.04077272865993,24.2512588885159,,,,,
446,10:47:00 AM,17.6660054322947,7.9210486159856,25.5870540482803,,,,,
447,10:47:00 AM,17.1276589251381,8.7933896908475,25.9210486159856,,,,,
448,10:48:00 AM,12.9869685964538,8.68865016632588,21.6756187627796,,,,,
449,10:49:00 AM,13.4930875576037,7.31110568559832,20.804193243202,,,,,
450,10:50:00 AM,12.2684408093509,7.98403881954405,20.2524796288949,,,,,
451,10:51:00 AM,16.418286690878,8.9464705343791,25.3647572252571,,,,,
452,10:51:00 AM,13.471114230781,10.3088167973876,23.7799310281686,,,,,
453,10:52:00 AM,12.0139164403211,10.895687734611,22.9096041749321,,,,,
454,10:53:00 AM,13.6567888424329,11.8458510086367,25.5026398510697,,,,,
455,10:58:00 AM,12.787011322367,7.66945402386548,20.4564653462325,,,,,
456,10:59:00 AM,12.6044495986816,12.7582934049501,25.3627430036317,,,,,
457,10:59:00 AM,14.3753166295358,9.06347849971007,23.4387951292459,,,,,
458,10:59:00 AM,17.8482009338664,8.68059327982421,26.5287942136906,,,,,
459,10:59:00 AM,12.7115695669424,7.48927274391919,20.2008423108615,,,,,
460,10:59:00 AM,16.3633533738212,11.306405835139,27.6697592089602,,,,,
461,11:01:00 AM,13.420209356975,10.4547563097018,23.8749656666768,,,,,
462,11:01:00 AM,16.9954527420881,10.224402600177,27.2198553422651,,,,,
463,11:03:00 AM,16.6848963896603,7.23218482009339,23.9170812097537,,,,,
464,11:04:00 AM,17.4116641743217,12.3722952970977,29.7839594714194,,,,,
465,11:05:00 AM,15.7261268959624,8.11990722373119,23.8460341196936,,,,,
466,11:05:00 AM,16.6587115085299,9.40278328806421,26.0614947965941,,,,,
467,11:05:00 AM,13.151951658681,12.8904995880001,26.0424512466811,,,,,
468,11:05:00 AM,14.0422376171148,10.6733909115879,24.7156285287027,,,,,
469,11:07:00 AM,12.5312051759392,12.8229316080203,25.3541367839595,,,,,
470,11:07:00 AM,15.7744682149724,10.1731315042573,25.9475997192297,,,,,
471,11:07:00 AM,12.3486434522538,8.84447767571032,21.1931211279641,,,,,
472,11:10:00 AM,17.4105655079806,7.3090914639729,24.7196569719535,,,,,
473,11:11:00 AM,15.7821588793603,11.5424359874264,27.3245948667867,,,,,
474,11:11:00 AM,13.2636494033631,11.7696768089846,25.0333262123478,,,,,
475,11:11:00 AM,12.2294381542405,11.8789941099277,24.1084322641682,,,,,
476,11:11:00 AM,16.4994048890652,7.46418652912992,23.9635914181951,,,,,
477,11:13:00 AM,16.9897762993255,11.1110263374737,28.1008026367992,,,,,
478,11:13:00 AM,12.2133243812372,7.53816339609973,19.751487777337,,,,,
479,11:13:00 AM,13.6736350596637,9.42805261391034,23.101687673574,,,,,
480,11:14:00 AM,17.2519913327433,11.4204840235603,28.6724753563036,,,,,
481,11:14:00 AM,17.5825067903684,11.9269692068239,29.5094759971923,,,,,
482,11:14:00 AM,13.5688955351421,7.54805139316996,21.116946928312,,,,,
483,11:15:00 AM,13.1561632129887,12.4898525955992,25.6460158085879,,,,,
484,11:15:00 AM,17.3091219824824,9.56648457289346,26.8756065553758,,,,,
485,11:16:00 AM,12.4403820917386,11.6792199468978,24.1196020386364,,,,,
486,11:16:00 AM,12.27723014008,7.16937772759178,19.4466078676717,,,,,
487,11:16:00 AM,12.0701315347758,12.6445814386425,24.7147129734184,,,,,
488,11:17:00 AM,14.790795617542,7.08935819574572,21.8801538132878,,,,,
489,11:17:00 AM,15.3046052430799,10.0204168828394,25.3250221259194,,,,,
490,11:17:00 AM,17.8150578325755,12.8018738364818,30.6169316690573,,,,,
491,11:19:00 AM,12.8901028473769,7.61781670583209,20.507919553209,,,,,
492,11:19:00 AM,14.5576952421644,11.0379650257881,25.5956602679525,,,,,
493,11:19:00 AM,13.7404705954161,12.1282082583087,25.8686788537248,,,,,
494,11:19:00 AM,16.0429090243233,10.944029053621,26.9869380779443,,,,,
495,11:20:00 AM,17.3622241889706,10.8233588671529,28.1855830561235,,,,,
496,11:20:00 AM,16.3904538102359,11.4441053498947,27.8345591601306,,,,,
497,11:21:00 AM,14.350962858974,8.08822901089511,22.4391918698691,,,,,
498,11:21:00 AM,14.3192846461379,9.7896969512009,24.1089815973388,,,,,
499,11:22:00 AM,14.9089022492141,11.3228858302561,26.2317880794702,,,,,
500,11:23:00 AM,14.5243690298166,9.19147312845241,23.715842158269,,,,,
501,11:23:00 AM,17.9208960234382,10.0420239875485,27.9629200109867,,,,,
502,11:23:00 AM,14.8160649433882,9.53938413647878,24.3554490798669,,,,,
503,11:25:00 AM,12.4363536484878,9.6428418836024,22.0791955320902,,,,,
504,11:25:00 AM,16.977690969573,8.31656849879452,25.2942594683676,,,,,
505,11:26:00 AM,13.1834467604602,10.0312204351939,23.2146671956542,,,,,
506,11:26:00 AM,15.9683828241829,12.6138187810907,28.5822016052736,,,,,
507,11:27:00 AM,15.7323526718955,11.8837549974059,27.6161076693014,,,,,
508,11:27:00 AM,12.1095004119999,7.43177587206641,19.5412762840663,,,,,
509,11:27:00 AM,14.8964506973479,12.4803308206427,27.3767815179907,,,,,
510,11:29:00 AM,12.9997863704337,7.95712149418622,20.9569078646199,,,,,
511,11:29:00 AM,13.6397595141453,11.5592822046571,25.1990417188025,,,,,
512,11:32:00 AM,16.8469496749779,9.95577867976928,26.8027283547472,,,,,
513,11:32:00 AM,12.9109775078585,10.2527848139897,23.1637623218482,,,,,
514,11:33:00 AM,13.4597613452559,10.6184575945311,24.078218939787,,,,,
515,11:33:00 AM,13.1968138676107,9.60420545060579,22.8010193182165,,,,,
516,11:33:00 AM,14.0155034028138,9.84133426923429,23.8568376720481,,,,,
517,11:34:00 AM,13.9281594286935,10.2196417126988,24.1478011413923,,,,,
518,11:34:00 AM,14.7098605304117,12.796563615833,27.5064241462447,,,,,
519,11:35:00 AM,14.9286782433546,11.9868465224158,26.9155247657704,,,,,
520,11:35:00 AM,15.2154301583911,8.48631244850002,23.7017426068911,,,,,
521,11:35:00 AM,12.6240424817652,7.27631458479568,19.9003570665609,,,,,
522,11:35:00 AM,13.2951445051424,11.5382244331187,24.8333689382611,,,,,
523,11:35:00 AM,12.4782860805078,7.36603900265511,19.8443250831629,,,,,
524,11:36:00 AM,14.6756187627796,7.51545762504959,22.1910763878292,,,,,
525,11:36:00 AM,13.833491012299,12.746940519425,26.580431531724,,,,,
526,11:37:00 AM,17.1434064760277,11.2767418439283,28.4201483199561,,,,,
527,11:37:00 AM,13.7666554765465,8.22684408093509,21.9934995574816,,,,,
528,11:37:00 AM,16.527603991821,9.12097537156285,25.6485793633839,,,,,
529,11:37:00 AM,14.4815210425123,12.1122775963622,26.5937986388745,,,,,
530,11:37:00 AM,16.5213782158879,10.3963438825648,26.9177220984527,,,,,
531,11:38:00 AM,17.8657795953246,7.93533127842036,25.8011108737449,,,,,
532,11:43:00 AM,14.9338053529466,10.6492202520829,25.5830256050294,,,,,
533,11:43:00 AM,12.9465010528886,12.0003967406232,24.9468977935118,,,,,
534,11:43:00 AM,16.6951506088443,8.01242103335673,24.707571642201,,,,,
535,11:49:00 AM,16.7740714743492,9.14825891903439,25.9223303933836,,,,,
536,11:49:00 AM,13.5097506637776,7.12103640858181,20.6307870723594,,,,,
537,11:49:00 AM,14.5461592455824,9.37531662953581,23.9214758751183,,,,,
538,11:49:00 AM,16.2230903042695,10.1537217322306,26.3768120365001,,,,,
539,11:49:00 AM,16.2842493972594,12.0159611804559,28.3002105777154,,,,,
540,11:50:00 AM,17.4752037110508,12.3730277413251,29.8482314523759,,,,,
541,11:50:00 AM,16.830286568804,12.8630329294717,29.6933194982757,,,,,
542,11:53:00 AM,15.8253730887783,11.5351115451521,27.3604846339305,,,,,
543,11:54:00 AM,13.1246681112094,9.61610766930143,22.7407757805109,,,,,
544,11:57:00 AM,12.9750663777581,10.5073091830195,23.4823755607776,,,,,
545,11:58:00 AM,15.3710745567186,9.1515549180578,24.5226294747764,,,,,
546,11:58:00 AM,13.7650074770348,10.1066621906186,23.8716696676534,,,,,
547,11:59:00 AM,12.5691091647084,11.0548112430189,23.6239204077273,,,,,
548,11:59:00 AM,17.0047914059877,10.3379314554277,27.3427228614154,,,,,
549,11:59:00 AM,13.7366252632221,10.4033021027253,24.1399273659474,,,,,
550,11:59:00 AM,12.6765953550829,12.5680410168767,25.2446363719596,,,,,
551,12:01:00 PM,17.6962187566759,7.67256691183203,25.368785668508,,,,,
552,12:01:00 PM,14.3780632953887,12.5207983642079,26.8988616595965,,,,,
553,12:02:00 PM,12.3349101229896,9.61574144718772,21.9506515701773,,,,,
554,12:02:00 PM,17.7842951750237,10.0354319895016,27.8197271645253,,,,,
555,12:03:00 PM,14.4893948179571,10.7962584307382,25.2856532486953,,,,,
556,12:03:00 PM,15.177343058565,8.05307168797876,23.2304147465438,,,,,
557,12:03:00 PM,13.8175603503525,9.86898403881954,23.686544389172,,,,,
558,12:04:00 PM,15.4410229804376,8.04849391155736,23.489516891995,,,,,
559,12:04:00 PM,15.9663686025575,10.4661091952269,26.4324777977844,,,,,
560,12:05:00 PM,13.1191747795038,9.83437604907376,22.9535508285775,,,,,
561,12:05:00 PM,13.7285683767205,8.39841914120914,22.1269875179296,,,,,
562,12:05:00 PM,13.9321878719443,12.1034882656331,26.0356761375774,,,,,
563,12:05:00 PM,15.5201269569994,7.58705404828028,23.1071810052797,,,,,
564,12:06:00 PM,12.2777794732505,7.970122379223,20.2479018524735,,,,,
565,12:06:00 PM,14.0867336039308,11.4279915768914,25.5147251808222,,,,,
566,12:07:00 PM,15.4772789696951,10.9022797326579,26.379558702353,,,,,
567,12:07:00 PM,14.6638996551408,10.9304788354137,25.5943784905545,,,,,
568,12:07:00 PM,16.5997497482223,12.5129245887631,29.1126743369854,,,,,
569,12:07:00 PM,16.5902279732658,8.7031159398175,25.2933439130833,,,,,
570,12:08:00 PM,13.3671071504868,8.5042573320719,21.8713644825587,,,,,
571,12:08:00 PM,17.3671681875057,7.43122653889584,24.7983947264016,,,,,
572,12:09:00 PM,17.6502578814051,8.32004760887478,25.9703054902799,,,,,
573,12:10:00 PM,15.1288186284982,7.66084780419324,22.7896664326914,,,,,
574,12:10:00 PM,15.1780755027924,9.56648457289346,24.7445600756859,,,,,
575,12:11:00 PM,12.1651661732841,7.21515549180578,19.3803216650899,,,,,
576,12:12:00 PM,13.0263374736778,9.72450941496017,22.750846888638,,,,,
577,12:15:00 PM,16.2923062837611,8.17355876339,24.4658650471511,,,,,
578,12:16:00 PM,17.9956053346355,8.86169011505478,26.8572954496902,,,,,
579,12:17:00 PM,14.2394482253487,9.79409161656545,24.0335398419141,,,,,
580,12:17:00 PM,12.877285073397,9.69850764488662,22.5757927182836,,,,,
581,12:17:00 PM,17.5623645741142,11.8041016876736,29.3664662617878,,,,,
582,12:18:00 PM,14.587359233375,9.26288644062624,23.8502456740013,,,,,
583,12:19:00 PM,14.643391216773,10.8656575212867,25.5090487380596,,,,,
584,12:19:00 PM,12.9657277138585,11.2020325327311,24.1677602465896,,,,,
585,12:19:00 PM,13.8765221106601,12.5109103671377,26.3874324777978,,,,,
586,12:19:00 PM,16.4651631214332,11.3772698141423,27.8424329355754,,,,,
587,12:20:00 PM,16.8738670003357,10.1575670644246,27.0314340647603,,,,,
588,12:20:00 PM,17.7110507522813,7.4022949919126,25.1133457441939,,,,,
589,12:21:00 PM,16.2494582964568,8.74010437330241,24.9895626697592,,,,,
590,12:21:00 PM,16.7674794763024,11.0224005859554,27.7898800622578,,,,,
591,12:22:00 PM,13.9664296395764,7.7513046662801,21.7177343058565,,,,,
592,12:23:00 PM,13.6494644001587,8.45262001403851,22.1020844141972,,,,,
593,12:23:00 PM,15.140537736137,7.84066286202582,22.9812005981628,,,,,
594,12:23:00 PM,16.9071932126835,7.7284157841731,24.6356089968566,,,,,
595,12:23:00 PM,14.3071993163854,9.32422864467299,23.6314279610584,,,,,
596,12:23:00 PM,12.7511215552232,11.5153355510117,24.2664571062349,,,,,
597,12:24:00 PM,16.2565996276742,8.74193548387097,24.9985351115451,,,,,
598,12:25:00 PM,15.9160130619221,12.4565263832514,28.3725394451735,,,,,
599,12:25:00 PM,17.3461104159673,9.7468489638966,27.0929593798639,,,,,
600,12:26:00 PM,12.0285653248695,11.7202368236335,23.7488021485031,,,,,
601,12:27:00 PM,15.4734336375011,11.8306527909177,27.3040864284188,,,,,
602,12:29:00 PM,14.4275032807398,9.71755119479965,24.1450544755394,,,,,
603,12:31:00 PM,17.4003112887967,11.473036896878,28.8733481856746,,,,,
604,12:32:00 PM,12.8761864070559,10.7435224463637,23.6197088534196,,,,,
605,12:32:00 PM,16.5669728690451,11.9635914181951,28.5305642872402,,,,,
606,12:32:00 PM,16.2331614123966,12.282937101352,28.5160985137486,,,,,
607,12:33:00 PM,14.7354960783715,11.1610156559954,25.8965117343669,,,,,
608,12:33:00 PM,12.5782647175512,12.6954863124485,25.2737510299997,,,,,
609,12:34:00 PM,12.4414807580798,11.5567186498611,23.9981994079409,,,,,
610,12:35:00 PM,13.3500778221992,7.67055269020661,21.0206305124058,,,,,
611,12:35:00 PM,16.1115756706442,10.9625232703635,27.0740989410077,,,,,
612,12:35:00 PM,15.4219794305246,12.0025940733055,27.4245735038301,,,,,
613,12:35:00 PM,15.5399029511399,9.68276009399701,25.2226630451369,,,,,
614,12:35:00 PM,15.5393536179693,12.5977050080874,28.1370586260567,,,,,
615,12:35:00 PM,15.9793694875942,11.91671498764,27.8960844752342,,,,,
616,12:36:00 PM,17.8529618213446,10.9768059327982,28.8297677541429,,,,,
617,12:36:00 PM,16.1251258888516,10.1214941862239,26.2466200750755,,,,,
618,12:36:00 PM,14.20850245674,10.5845820490127,24.7930845057527,,,,,
619,12:37:00 PM,12.520035401471,9.88729514450514,22.4073305459761,,,,,
620,12:37:00 PM,15.1117893002106,11.7520981475265,26.8638874477371,,,,,
621,12:37:00 PM,14.122074037904,10.2936185796686,24.4156926175726,,,,,
622,12:38:00 PM,13.6417737357707,12.8989226966155,26.5406964323862,,,,,
623,12:38:00 PM,13.7097079378643,11.4805444502091,25.1902523880734,,,,,
624,12:38:00 PM,13.7895443586535,8.28196050904874,22.0715048677023,,,,,
625,12:39:00 PM,15.2033448286386,8.02084414197211,23.2241889706107,,,,,
626,12:39:00 PM,13.4881435590686,12.0269478438673,25.5150914029359,,,,,
627,12:39:00 PM,15.5994140446181,12.3809015167699,27.980315561388,,,,,
628,12:40:00 PM,13.7362590411084,7.08239997558519,20.8186590166936,,,,,
629,12:40:00 PM,16.8095950193793,12.0478225043489,28.8574175237281,,,,,
630,12:41:00 PM,15.452009643849,7.86007263405255,23.3120822779015,,,,,
631,12:41:00 PM,15.9971312601093,9.54213080233162,25.5392620624409,,,,,
632,12:41:00 PM,15.7645802179022,12.4085512863552,28.1731315042573,,,,,
633,12:43:00 PM,12.790856654561,9.26105533005768,22.0519119846187,,,,,
634,12:43:00 PM,16.1185338908048,7.78353221228675,23.9020661030915,,,,,
635,12:43:00 PM,15.7407757805109,7.67165135654775,23.4124271370586,,,,,
636,12:43:00 PM,12.5826593829157,10.5510727256081,23.1337321085238,,,,,
637,12:43:00 PM,12.3570665608692,12.5478988006226,24.9049653614917,,,,,
638,12:44:00 PM,16.8533585619678,12.8542435987426,29.7076021607105,,,,,
639,12:44:00 PM,16.7471541489914,7.44477675710318,24.1919309060945,,,,,
640,12:45:00 PM,13.3962218085269,8.94427320169683,22.3404950102237,,,,,
641,12:46:00 PM,12.0234382152776,10.2260505996887,22.2494888149663,,,,,
642,12:47:00 PM,12.7150486770226,11.2571489608448,23.9721976378674,,,,,
643,12:47:00 PM,17.0265816217536,7.88753929258095,24.9141209143345,,,,,
644,12:47:00 PM,17.6149174474319,8.76702169866024,26.3819391460921,,,,,
645,12:47:00 PM,12.2406079287088,12.9886471144749,25.2292550431837,,,,,
646,12:48:00 PM,15.3168736838893,9.22589800714133,24.5427716910306,,,,,
647,12:49:00 PM,17.8496658223212,10.3644825586718,28.2141483809931,,,,,
648,12:49:00 PM,12.1012604144414,8.72930082094791,20.8305612353893,,,,,
649,12:50:00 PM,17.3946348460341,7.29462569048128,24.6892605365154,,,,,
650,12:50:00 PM,17.5726187932981,12.616016113773,30.1886349070711,,,,,
651,12:50:00 PM,13.2535782952361,8.60972930082095,21.863307596057,,,,,
652,12:51:00 PM,15.4029358806116,8.72875148777734,24.1316873683889,,,,,
653,12:51:00 PM,14.867152928251,11.1496627704703,26.0168156987213,,,,,
654,12:51:00 PM,15.2703634754479,7.31641590624714,22.586779381695,,,,,
655,12:52:00 PM,13.0766930143132,12.2389904477065,25.3156834620197,,,,,
656,12:52:00 PM,15.398541215247,9.06622516556291,24.46476638081,,,,,
657,12:52:00 PM,15.8402050843837,11.2077089754936,27.0479140598773,,,,,
658,12:53:00 PM,17.4056215094455,7.6917935728019,25.0974150822474,,,,,
659,12:53:00 PM,15.7070833460494,10.1782586138493,25.8853419598987,,,,,
660,12:53:00 PM,15.8028504287851,9.90798669392987,25.7108371227149,,,,,
661,12:53:00 PM,15.5356913968322,7.13733329264199,22.6730246894742,,,,,
662,12:54:00 PM,16.2141178624836,11.2359080782495,27.4500259407331,,,,,
663,12:55:00 PM,17.7324747459334,11.448866237373,29.1813409833064,,,,,
664,12:55:00 PM,13.963133640553,12.6810205389569,26.6441541795099,,,,,
665,12:55:00 PM,15.5754264961699,8.18546098208564,23.7608874782556,,,,,
666,12:55:00 PM,16.8420056764428,12.6293832209235,29.4713888973663,,,,,
667,12:56:00 PM,12.6830042420728,9.74593340861232,22.4289376506851,,,,,
668,12:57:00 PM,17.3862117374187,10.0878017517624,27.4740134891812,,,,,
669,12:58:00 PM,14.1491744743187,9.87777336954863,24.0269478438673,,,,,
670,12:59:00 PM,13.5888546403394,11.3871578112125,24.9760124515519,,,,,
671,12:59:00 PM,12.0490737632374,9.24622333445235,21.2952970976897,,,,,
672,12:59:00 PM,17.432905056917,8.4339426862392,25.8668477431562,,,,,
673,12:59:00 PM,16.6805017242958,11.7945799127171,28.4750816370128,,,,,
674,01:01:00 PM,12.6643269142735,10.2829981383709,22.9473250526444,,,,,
675,01:01:00 PM,16.7634510330515,12.0844447157201,28.8478957487716,,,,,
676,01:01:00 PM,15.6195562608722,8.94683675649281,24.566393017365,,,,,
677,01:01:00 PM,14.6743369853816,8.35721915341655,23.0315561387982,,,,,
678,01:01:00 PM,12.3924069948424,10.7391277809992,23.1315347758415,,,,,
679,01:02:00 PM,14.3377788628803,8.93493453779717,23.2727134006775,,,,,
680,01:03:00 PM,14.9610889004181,9.78164006469924,24.7427289651173,,,,,
681,01:03:00 PM,15.4366283150731,7.56489761040071,23.0015259254738,,,,,
682,01:03:00 PM,16.8030030213324,8.36710715048677,25.1701101718192,,,,,
683,01:03:00 PM,13.8377025666066,11.1372112186041,24.9749137852107,,,,,
684,01:04:00 PM,17.7949156163213,9.3961912900174,27.1911069063387,,,,,
685,01:04:00 PM,16.3530991546373,9.61647389141514,25.9695730460524,,,,,
686,01:04:00 PM,17.5475325785089,12.8507644886624,30.3982970671712,,,,,
687,01:05:00 PM,13.8854945524461,9.79995117038484,23.6854457228309,,,,,
688,01:06:00 PM,14.522537919248,12.9864497817927,27.5089877010407,,,,,
689,01:07:00 PM,12.4118167668691,12.3580126346629,24.769829401532,,,,,
690,01:08:00 PM,14.0768456068606,11.3536484878079,25.4304940946684,,,,,
691,01:08:00 PM,17.8774987029633,8.32517471846675,26.2026734214301,,,,,
692,01:08:00 PM,16.7083346049379,10.6651509140294,27.3734855189673,,,,,
693,01:08:00 PM,14.6633503219703,11.4913480025636,26.1546983245338,,,,,
694,01:08:00 PM,13.0179143650624,7.64363536484878,20.6615497299112,,,,,
695,01:09:00 PM,15.6039918210395,7.7866451002533,23.3906369212928,,,,,
696,01:09:00 PM,16.9679860835597,7.07763908810694,24.0456251716666,,,,,
697,01:10:00 PM,12.2970061342204,8.48228400524918,20.7792901394696,,,,,
698,01:11:00 PM,16.6872768333995,8.11954100161748,24.8068178350169,,,,,
699,01:11:00 PM,15.4591509750664,7.60133671071505,23.0604876857814,,,,,
700,01:11:00 PM,13.0907925656911,11.1366618854335,24.2274544511246,,,,,
701,01:13:00 PM,12.0303964354381,12.1055024872585,24.1358989226966,,,,,
702,01:17:00 PM,13.6776635029145,8.92596209601123,22.6036255989257,,,,,
703,01:17:00 PM,16.4281746879482,8.93182164983062,25.3599963377789,,,,,
704,01:17:00 PM,14.8279671620838,11.5642262031922,26.392193365276,,,,,
705,01:17:00 PM,15.4917447431867,10.5624256111332,26.0541703543199,,,,,
706,01:19:00 PM,17.4589068269906,11.3474227118748,28.8063295388653,,,,,
707,01:19:00 PM,16.0386974700156,11.2556840723899,27.2943815424055,,,,,
708,01:19:00 PM,14.7869502853481,8.93383587145604,23.7207861568041,,,,,
709,01:19:00 PM,14.2874233222449,8.11294900357067,22.4003723258156,,,,,
710,01:20:00 PM,15.9255348368786,11.6660359508042,27.5915707876827,,,,,
711,01:20:00 PM,15.4650105288858,7.54182561723685,23.0068361461226,,,,,
712,01:20:00 PM,15.8685872981964,9.89278847621082,25.7613757744072,,,,,
713,01:21:00 PM,13.4399853511155,7.15472884304331,20.5947141941588,,,,,
714,01:21:00 PM,15.8325144199957,10.6721091341899,26.5046235541856,,,,,
715,01:22:00 PM,15.9731437116611,10.4688558610797,26.4419995727409,,,,,
716,01:23:00 PM,12.6852015747551,12.256202887051,24.9414044618061,,,,,
717,01:23:00 PM,12.8858912930692,11.6900234992523,24.5759147923215,,,,,
718,01:23:00 PM,15.0542924283578,7.01483199560533,22.0691244239631,,,,,
719,01:23:00 PM,15.8909268471328,7.12341685232093,23.0143436994537,,,,,
720,01:24:00 PM,13.3956724753563,12.6610614337596,26.0567339091159,,,,,
721,01:24:00 PM,17.7170934171575,11.1156041138951,28.8326975310526,,,,,
722,01:25:00 PM,14.6067690054018,7.57972960600604,22.1864986114078,,,,,
723,01:25:00 PM,14.2956633198035,12.6182134464553,26.9138767662587,,,,,
724,01:26:00 PM,17.3975646229438,11.4644306772057,28.8619953001495,,,,,
725,01:27:00 PM,12.8578753013703,8.27665028839991,21.1345255897702,,,,,
726,01:27:00 PM,17.3671681875057,7.08093508713035,24.4481032746361,,,,,
727,01:28:00 PM,12.6013367107151,12.0630207220679,24.664357432783,,,,,
728,01:28:00 PM,17.3096713156529,10.5772576067385,27.8869289223914,,,,,
729,01:28:00 PM,14.8638569292276,8.71739860225227,23.5812555314798,,,,,
730,01:29:00 PM,17.4312570574053,12.056611835078,29.4878688924833,,,,,
731,01:29:00 PM,14.2383495590075,9.33118686483352,23.5695364238411,,,,,
732,01:29:00 PM,12.6883144627216,8.917355876339,21.6056703390606,,,,,
733,01:29:00 PM,16.5259559923093,11.0703756828517,27.596331675161,,,,,
734,01:31:00 PM,17.045075838496,7.45283364360485,24.4979094821009,,,,,
735,01:31:00 PM,13.608447523423,8.05563524277474,21.6640827661977,,,,,
736,01:31:00 PM,13.9094821008942,9.17224646748253,23.0817285683767,,,,,
737,01:32:00 PM,14.9744560075686,11.5177159947508,26.4921720023194,,,,,
738,01:32:00 PM,15.0475173192541,12.9869991149632,28.0345164342174,,,,,
739,01:32:00 PM,16.5056306649983,11.2915738395337,27.797204504532,,,,,
740,01:33:00 PM,17.6559343241676,10.5576647236549,28.2135990478225,,,,,
741,01:34:00 PM,16.9643238624226,8.26676229132969,25.2310861537523,,,,,
742,01:34:00 PM,15.763481551561,7.47260963774529,23.2360911893063,,,,,
743,01:34:00 PM,17.1897335734123,9.28614154484695,26.4758751182592,,,,,
744,01:34:00 PM,16.448866237373,7.25946836756493,23.7083346049379,,,,,
745,01:35:00 PM,14.0314340647603,12.9738151188696,27.0052491836299,,,,,
746,01:35:00 PM,14.2819299905393,12.3014313180944,26.5833613086337,,,,,
747,01:36:00 PM,16.2977996154668,11.7920163579211,28.0898159733879,,,,,
748,01:36:00 PM,17.6597796563616,9.24750511185034,26.9072847682119,,,,,
749,01:37:00 PM,13.2096316415906,7.05273598437452,20.2623676259651,,,,,
750,01:37:00 PM,13.0602130191961,10.2595599230934,23.3197729422895,,,,,
751,01:38:00 PM,16.7863399151585,10.3580736716819,27.1444135868404,,,,,
752,01:38:00 PM,14.4394054994354,9.14624469740898,23.5856501968444,,,,,
753,01:38:00 PM,13.991149632252,11.8121585741752,25.8033082064272,,,,,
754,01:39:00 PM,13.7880794701987,8.87597277748955,22.6640522476882,,,,,
755,01:39:00 PM,16.0844752342296,11.0410779137547,27.1255531479842,,,,,
756,01:40:00 PM,16.0026245918149,7.85439619129002,23.857020783105,,,,,
757,01:41:00 PM,17.2226935636464,12.3484908597064,29.5711844233528,,,,,
758,01:44:00 PM,15.4525589770196,8.48301644947661,23.9355754264962,,,,,
759,01:47:00 PM,15.6521500289926,10.9725943784906,26.6247444074831,,,,,
760,01:47:00 PM,13.7062288277841,10.5950193792535,24.3012482070376,,,,,
761,01:47:00 PM,16.6208075197607,12.1445051423688,28.7653126621296,,,,,
762,01:49:00 PM,16.5384075441755,10.1802728354747,26.7186803796503,,,,,
763,01:50:00 PM,12.1276284066286,11.2163151951659,23.3439436017945,,,,,
764,01:52:00 PM,14.3581041901914,10.0881679738762,24.4462721640675,,,,,
765,01:53:00 PM,16.5981017487106,12.2990508743553,28.8971526230659,,,,,
766,01:53:00 PM,16.3036591692862,9.88729514450514,26.1909543137913,,,,,
767,01:54:00 PM,15.2515030365917,11.3595080416272,26.6110110782189,,,,,
768,01:54:00 PM,17.1924802392651,12.533433027131,29.7259132663961,,,,,
769,01:55:00 PM,15.0834070863979,12.3353068636128,27.4187139500107,,,,,
770,01:55:00 PM,13.0662556840724,11.6755577257607,24.7418134098331,,,,,
771,01:56:00 PM,14.7560045167394,12.2695699942015,27.0255745109409,,,,,
772,01:57:00 PM,17.9522080141606,9.08545182653279,27.0376598406934,,,,,
773,01:58:00 PM,13.0265205847346,12.5175023651845,25.5440229499191,,,,,
774,01:59:00 PM,12.4405652027955,12.5632801293985,25.003845332194,,,,,
775,01:59:00 PM,13.4075746940519,8.45646534623249,21.8640400402844,,,,,
776,01:59:00 PM,12.5134434034242,8.5163426618244,21.0297860652486,,,,,
777,01:59:00 PM,13.2744529557176,12.6189458906827,25.8933988464003,,,,,
778,02:00:00 PM,13.4593951231422,9.96365245521409,23.4230475783563,,,,,
779,02:00:00 PM,12.3876461073641,8.48100222785119,20.8686483352153,,,,,
780,02:00:00 PM,17.4915005951109,9.74648274178289,27.2379833368938,,,,,
781,02:01:00 PM,16.5050813318278,11.0760521256142,27.5811334574419,,,,,
782,02:01:00 PM,15.5215918454543,7.97286904507584,23.4944608905301,,,,,
783,02:01:00 PM,12.2017883846553,10.838557084872,23.0403454695273,,,,,
784,02:02:00 PM,14.2623371074557,11.9361247596667,26.1984618671224,,,,,
785,02:02:00 PM,12.9076815088351,11.4664448988311,24.3741264076662,,,,,
786,02:02:00 PM,14.100466933195,7.68501846369823,21.7854853968932,,,,,
787,02:03:00 PM,17.3036286507767,9.76534318063906,27.0689718314158,,,,,
788,02:03:00 PM,13.8433790093692,12.8211004974517,26.6644795068209,,,,,
789,02:03:00 PM,13.2975249488815,10.2493057039094,23.5468306527909,,,,,
790,02:04:00 PM,16.1524094363231,11.7224341563158,27.8748435926389,,,,,
791,02:04:00 PM,17.6209601123081,12.3977477340007,30.0187078463088,,,,,
792,02:05:00 PM,17.0639362773522,8.98364207892087,26.0475783562731,,,,,
793,02:05:00 PM,16.3505355998413,8.70384838404492,25.0543839838862,,,,,
794,02:05:00 PM,13.1601916562395,10.1676381725517,23.3278298287912,,,,,
795,02:05:00 PM,13.1713614307077,9.72487563707389,22.8962370677816,,,,,
796,02:06:00 PM,13.4665364543596,8.74413281655324,22.2106692709128,,,,,
797,02:06:00 PM,15.6466566972869,11.0061037018952,26.6527603991821,,,,,
798,02:07:00 PM,14.7538071840571,8.08603167821284,22.83983886227,,,,,
799,02:07:00 PM,12.9563890499588,8.77269814142277,21.7290871913816,,,,,
800,02:07:00 PM,15.379497665334,11.3596911526841,26.7391888180181,,,,,
801,02:07:00 PM,15.210486159856,9.37806329538865,24.5885494552446,,,,,
802,02:08:00 PM,14.8393200476089,7.82509842219306,22.6644184698019,,,,,
803,02:08:00 PM,14.3185522019105,8.45463423566393,22.7731864375744,,,,,
804,02:08:00 PM,12.5894344920194,11.2218085268715,23.811243018891,,,,,
805,02:09:00 PM,13.2338023010956,8.25083162938322,21.4846339304788,,,,,
806,02:10:00 PM,17.1796624652852,12.2789086581011,29.4585711233863,,,,,
807,02:10:00 PM,13.9525131992553,8.52897732474746,22.4814905240028,,,,,
808,02:11:00 PM,12.0620746482742,10.7347331156346,22.7968077639088,,,,,
809,02:11:00 PM,12.6711020233772,10.3747367778558,23.0458388012329,,,,,
810,02:11:00 PM,16.3607898190252,10.3049714651936,26.6657612842189,,,,,
811,02:12:00 PM,14.7558214056825,12.0979949339274,26.85381633961,,,,,
812,02:13:00 PM,12.1402630695517,10.5673696096683,22.7076326792199,,,,,
813,02:15:00 PM,12.3911252174444,10.8173162022767,23.2084414197211,,,,,
814,02:15:00 PM,13.0825525681326,10.4805749687185,23.5631275368511,,,,,
815,02:16:00 PM,13.7053132724998,9.08838160344249,22.7936948759423,,,,,
816,02:16:00 PM,15.6609393597217,8.96148564104129,24.622425000763,,,,,
817,02:16:00 PM,13.5776848658712,11.7854243598743,25.3631092257454,,,,,
818,02:17:00 PM,13.7117221594897,12.3874935148167,26.0992156743065,,,,,
819,02:17:00 PM,12.9508957182531,9.14972380748924,22.1006195257424,,,,,
820,02:17:00 PM,15.4274727622303,8.78753013702811,24.2150028992584,,,,,
821,02:18:00 PM,13.0611285744804,8.20908230842006,21.2702108829005,,,,,
822,02:18:00 PM,15.0326853236488,11.609088412122,26.6417737357707,,,,,
823,02:18:00 PM,15.3099154637288,9.40827661976989,24.7181920834986,,,,,
824,02:19:00 PM,14.475478377636,10.0341502121036,24.5096285897397,,,,,
825,02:19:00 PM,12.273384807886,11.0245979186377,23.2979827265236,,,,,
826,02:19:00 PM,14.1365398113956,11.6338084047975,25.7703482161931,,,,,
827,02:19:00 PM,16.3516342661824,7.5125278481399,23.8641621143223,,,,,
828,02:19:00 PM,14.5681325724052,10.4177678762169,24.9859004486221,,,,,
829,02:19:00 PM,13.509201330607,10.0932950834681,23.6024964140751,,,,,
830,02:20:00 PM,14.3833735160375,12.8438062685018,27.2271797845393,,,,,
831,02:20:00 PM,14.2597735526597,11.4116946928312,25.6714682454909,,,,,
832,02:20:00 PM,17.3607593005158,9.80104983672597,27.1618091372417,,,,,
833,02:21:00 PM,14.1852473525193,9.69667653431806,23.8819238868374,,,,,
834,02:22:00 PM,13.3775444807276,11.7846919156468,25.1622363963744,,,,,
835,02:22:00 PM,13.6593523972289,12.2999664296396,25.9593188268685,,,,,
836,02:22:00 PM,13.6688741721854,11.1086458937346,24.77752006592,,,,,
837,02:23:00 PM,12.7827997680593,8.54124576555681,21.3240455336161,,,,,
838,02:23:00 PM,15.8898281807917,10.8984344004639,26.7882625812555,,,,,
839,02:23:00 PM,14.5955992309336,10.1670888393811,24.7626880703146,,,,,
840,02:23:00 PM,17.2820215460677,7.42426831873531,24.706289864803,,,,,
841,02:23:00 PM,13.1598254341258,9.21381267738884,22.3736381115146,,,,,
842,02:24:00 PM,15.6686300241096,11.9086581011383,27.577288125248,,,,,
843,02:25:00 PM,16.8529923398541,10.3923154393139,27.2453077791681,,,,,
844,02:25:00 PM,16.7550279244362,7.96133304849391,24.7163609729301,,,,,
845,02:26:00 PM,16.9238563188574,7.02252265999329,23.9463789788507,,,,,
846,02:26:00 PM,13.0746787926878,11.0460219122898,24.1207007049776,,,,,
847,02:26:00 PM,12.8022095400861,8.81774346140934,21.6199530014954,,,,,
848,02:27:00 PM,15.6193731498154,8.59086886196478,24.2102420117801,,,,,
849,02:27:00 PM,14.549272133549,7.16278572954497,21.712057863094,,,,,
850,02:27:00 PM,12.4766380809961,11.3007293923765,23.7773674733726,,,,,
851,02:27:00 PM,16.9613940855129,9.74080629902036,26.7022003845332,,,,,
852,02:28:00 PM,16.4495986816004,7.61470381786554,24.0643024994659,,,,,
853,02:29:00 PM,12.9289223914304,8.14535966063417,21.0742820520646,,,,,
854,02:32:00 PM,12.3468123416852,9.89059114352855,22.2374034852138,,,,,
855,02:34:00 PM,15.4587847529527,10.2615741447188,25.7203588976714,,,,,
856,02:35:00 PM,17.2221442304758,8.47441022980438,25.6965544602802,,,,,
857,02:35:00 PM,14.0471816156499,12.4221015045625,26.4692831202124,,,,,
858,02:35:00 PM,15.9938352610859,12.1305887020478,28.1244239631336,,,,,
859,02:37:00 PM,15.5876949369793,7.42262031922361,23.0103152562029,,,,,
860,02:37:00 PM,13.4044618060854,8.07943968016602,21.4839014862514,,,,,
861,02:38:00 PM,12.4603411969359,8.14975432599872,20.6100955229347,,,,,
862,02:39:00 PM,15.8678548539689,11.8919949949644,27.7598498489334,,,,,
863,02:39:00 PM,12.6359447004608,9.58095034638508,22.2168950468459,,,,,
864,02:39:00 PM,14.2138126773888,8.44511246070742,22.6589251380963,,,,,
865,02:39:00 PM,16.2750938444166,7.02838221381268,23.3034760582293,,,,,
866,02:40:00 PM,15.3796807763909,7.84066286202582,23.2203436384167,,,,,
867,02:40:00 PM,12.1823786126286,12.4453566087832,24.6277352214118,,,,,
868,02:43:00 PM,12.4790185247353,8.32554094058046,20.8045594653157,,,,,
869,02:43:00 PM,15.3075350199896,10.1496932889798,25.4572283089694,,,,,
870,02:43:00 PM,17.168492690817,7.6381420331431,24.8066347239601,,,,,
871,02:44:00 PM,15.0449537644581,11.2219916379284,26.2669454023865,,,,,
872,02:46:00 PM,12.5473189489425,12.5316019165624,25.0789208655049,,,,,
873,02:46:00 PM,15.1172826319163,10.7957090975677,25.9129917294839,,,,,
874,02:47:00 PM,17.7540818506424,11.2959685048982,29.0500503555406,,,,,
875,02:47:00 PM,13.0671712393567,9.30097354045228,22.368144779809,,,,,
876,02:47:00 PM,13.6701559495834,9.61775566881314,23.2879116183966,,,,,
877,02:48:00 PM,12.5967589342937,8.1248512222663,20.72161015656,,,,,
878,02:48:00 PM,15.5170140690329,9.86953337199011,25.386547441023,,,,,
879,02:49:00 PM,16.9355754264962,10.9246192815943,27.8601947080905,,,,,
880,02:49:00 PM,17.3085726493118,9.63075655384991,26.9393292031617,,,,,
881,02:50:00 PM,13.8082216864528,8.68041016876736,22.4886318552202,,,,,
882,02:51:00 PM,17.9379253517258,8.68041016876736,26.6183355204932,,,,,
883,02:52:00 PM,14.2074037903989,12.2724997711112,26.4799035615101,,,,,
884,02:52:00 PM,15.7918637653737,8.60093997009186,24.3928037354656,,,,,
885,02:53:00 PM,17.7538987395856,7.66304513687552,25.4169438764611,,,,,
886,02:56:00 PM,13.0360423596912,9.25208288827174,22.2881252479629,,,,,
887,02:56:00 PM,16.7451399273659,8.40244758445997,25.1475875118259,,,,,
888,02:57:00 PM,12.7716299935911,7.4696798608356,20.2413098544267,,,,,
889,02:58:00 PM,12.7668691061129,10.9000823999756,23.6669515060884,,,,,
890,02:59:00 PM,16.9467452009644,7.14758751182592,24.0943327127903,,,,,
